"0","### import the data"
"0","data.afsis <- read_csv(""Select_R_Scwk2023_data-metadata.csv"")"
"2","[1mRows: [22m[34m200[39m [1mColumns: [22m[34m8[39m"
"2","[36m──[39m [1mColumn specification[22m [36m──────────────────────────────────────────────────[39m
[1mDelimiter:[22m "",""
[31mchr[39m (4): SSN, Depth, Site, Country
[32mdbl[39m (4): pH, SOC, Clay, Sand"
"2","
[36mℹ[39m Use `spec()` to retrieve the full column specification for this data.
[36mℹ[39m Specify the column types or set `show_col_types = FALSE` to quiet this message."
