SSN,Depth,Site,Country,pH,SOC,Clay,Sand
icr005946,Topsoil,Chinyanghuku,Tanzania,6.91,0.39,26.46,55.3
icr005965,Topsoil,Chinyanghuku,Tanzania,7.88,0.86,32,42.36
icr006055,Topsoil,Chinyanghuku,Tanzania,6.88,0.8,55.79,28.67
icr006102,Subsoil,Chinyanghuku,Tanzania,8.06,0.45,16.95,70.77
icr006474,Topsoil,Pandambili,Tanzania,4.97,0.55,2.01,96.54
icr006607,Subsoil,Pandambili,Tanzania,4.69,0.38,54.81,38.84
icr006704,Topsoil,Pandambili,Tanzania,6.31,0.57,58.36,33.09
icr006705,Subsoil,Pandambili,Tanzania,5.76,0.44,42.3,43.63
icr006745,Subsoil,Pandambili,Tanzania,4.95,0.27,11.46,85.12
icr007850,Topsoil,Kiberashi,Tanzania,4.61,0.61,2.47,95.31
icr009918,Topsoil,Mbinga,Tanzania,6.16,4.49,35.54,33.78
icr009938,Topsoil,Mbinga,Tanzania,5.62,2.6,55.97,26.96
icr010019,Subsoil,Mbinga,Tanzania,4.93,1.69,68.84,20.84
icr010119,Subsoil,Mbinga,Tanzania,5.21,1.73,86.58,6.59
icr010158,Topsoil,Mbinga,Tanzania,6.23,1.33,69.13,19.21
icr010395,Topsoil,Kontela,Mali,7.72,0.53,55.43,22.78
icr010435,Topsoil,Kontela,Mali,6.4,0.35,40.76,35.42
icr010496,Subsoil,Kontela,Mali,7.98,0.27,39.03,38.89
icr010515,Topsoil,Kontela,Mali,5.14,0.38,47.48,30.64
icr010595,Topsoil,Kontela,Mali,6.23,0.49,27.91,36.81
icr010926,Subsoil,Koloko,Mali,6.14,0.74,58.83,18.19
icr011038,Subsoil,Bondigui,Burkina Faso,7.12,3.34,69.48,9.23
icr011263,Topsoil,Bondigui,Burkina Faso,6.03,1.9,54.82,10.91
icr011264,Subsoil,Bondigui,Burkina Faso,6.98,0.66,66.4,10.94
icr011301,Topsoil,Bondigui,Burkina Faso,6.75,0.55,19.97,57.93
icr011844,Subsoil,Bukwaya,Tanzania,5.87,0.18,2.53,95.64
icr011941,Topsoil,Bukwaya,Tanzania,6.71,0.32,3.39,92.81
icr011961,Subsoil,Bukwaya,Tanzania,8.1,0.32,3.9,91.8
icr014428,Topsoil,Nkhata Bay,Malawi,4.74,0.98,35.77,55.18
icr014509,Subsoil,Nkhata Bay,Malawi,5.31,1.27,72.86,5.12
icr014549,Subsoil,Nkhata Bay,Malawi,5.94,1.42,24.2,40.26
icr014649,Subsoil,Nkhata Bay,Malawi,4.92,0.62,40.34,32.6
icr014923,Topsoil,Thuchila,Malawi,6.22,0.9,20.73,71.66
icr014924,Subsoil,Thuchila,Malawi,5.96,0.68,15.3,80
icr015216,Topsoil,Lambussie,Ghana,5.45,0.31,17.23,60.43
icr015492,Topsoil,Kubeasi,Ghana,7.19,2.37,48.16,20.68
icr015612,Topsoil,Kubeasi,Ghana,5.91,0.8,31.57,60.14
icr015733,Subsoil,Kubeasi,Ghana,6.03,0.48,48.08,38.97
icr015772,Topsoil,Ajumako,Ghana,5.39,1.4,60.91,17.57
icr015813,Subsoil,Ajumako,Ghana,6.23,1.92,54.63,34.53
icr015993,Subsoil,Ajumako,Ghana,5.91,0.3,17.99,63.14
icr016012,Topsoil,Ajumako,Ghana,6.58,2.8,45.46,15.28
icr020971,Subsoil,Kidatu,Tanzania,6.48,0.25,20.01,67.84
icr021023,Topsoil,Kidatu,Tanzania,6.12,0.79,41.68,40.48
icr021024,Subsoil,Kidatu,Tanzania,5.84,0.34,57.5,33.41
icr021083,Topsoil,Kidatu,Tanzania,5.71,0.34,8.83,81.43
icr021084,Subsoil,Kidatu,Tanzania,5.58,0.17,10.49,80.45
icr023137,Subsoil,Macassangila,Mozambique,6.15,0.27,30.54,56.57
icr023195,Topsoil,Macassangila,Mozambique,5.95,1.25,33.38,46.07
icr023254,Subsoil,Macassangila,Mozambique,5.35,0.74,30.38,40.61
icr023354,Subsoil,Macassangila,Mozambique,6.27,0.4,63.86,24.73
icr023474,Subsoil,Chica_b,Mozambique,6.07,0.32,29.44,59.86
icr023614,Subsoil,Chica_b,Mozambique,6.69,0.26,16.06,70.59
icr023692,Topsoil,Chica_b,Mozambique,6.53,0.8,24.92,62.4
icr024869,Subsoil,Itende,Tanzania,6.24,0.38,27.23,54.66
icr024879,Topsoil,Itende,Tanzania,6.42,0.6,26.19,56.64
icr030064,Subsoil,Dambidolo,Ethiopia,6.69,5.31,74.52,3.72
icr030143,Topsoil,Dambidolo,Ethiopia,5.83,3.82,68.84,10.01
icr030163,Topsoil,Dambidolo,Ethiopia,5.83,4.47,61.5,9.21
icr030200,Topsoil,Dambidolo,Ethiopia,5.49,5.02,88.51,1.71
icr030201,Subsoil,Dambidolo,Ethiopia,6.19,7.38,74.58,5.25
icr030218,Topsoil,Dambidolo,Ethiopia,5.95,2.74,64.59,10.55
icr030259,Subsoil,Dambidolo,Ethiopia,6.38,1.23,23.35,46.96
icr030387,Topsoil,Merar,Ethiopia,8.15,4.01,74.19,6.18
icr030430,Topsoil,Merar,Ethiopia,8.11,6.25,56.2,11.17
icr030512,Subsoil,Merar,Ethiopia,8.12,6.16,61.31,8.13
icr030552,Subsoil,Merar,Ethiopia,8.17,3.57,79.67,2.25
icr030572,Subsoil,Merar,Ethiopia,8.35,3.64,79.41,3.49
icr033351,Topsoil,Mbalambala,Kenya,8.27,0.45,89.29,5.92
icr033390,Subsoil,Mbalambala,Kenya,9.24,0.4,81.54,9.83
icr033446,Subsoil,Mbalambala,Kenya,8.81,0.29,86.66,9.28
icr033603,Subsoil,Mega,Ethiopia,8.25,1.56,72.07,7.2
icr033697,Subsoil,Mega,Ethiopia,8.07,2.02,86.38,5.5
icr033911,Subsoil,Ibi,Nigeria,5.47,0.3,21.78,57.81
icr033990,Topsoil,Ibi,Nigeria,5.35,0.79,23.18,27.46
icr034051,Subsoil,Ibi,Nigeria,6.59,0.66,31.93,42.71
icr034302,Topsoil,Katsina ala,Nigeria,6.97,0.62,32.98,48.33
icr034343,Subsoil,Katsina ala,Nigeria,6.37,0.44,21.22,68.81
icr034362,Topsoil,Katsina ala,Nigeria,6.53,1.01,36.38,39.95
icr034442,Subsoil,Katsina ala,Nigeria,5.62,0.61,80.68,12.56
icr034542,Subsoil,Katsina ala,Nigeria,5.55,0.34,22.01,58.99
icr034734,Subsoil,Imorun,Nigeria,5.15,0.95,70.33,19.17
icr034754,Subsoil,Imorun,Nigeria,4.62,0.9,49.54,41.39
icr034813,Topsoil,Imorun,Nigeria,6.24,2.38,32.15,38.11
icr037446,Subsoil,Finnkolo,Mali,5.29,0.38,59.97,26.98
icr037532,Subsoil,Finnkolo,Mali,5.61,0.19,37.43,51.08
icr037554,Subsoil,Finnkolo,Mali,5.14,0.16,38.24,55.86
icr037620,Topsoil,Finnkolo,Mali,5.17,0.27,33.27,55.49
icr037808,Subsoil,Bana,Cameroon,4.77,1.6,53.59,10.99
icr037947,Topsoil,Bana,Cameroon,4.87,0.94,47.67,24.43
icr038035,Subsoil,Bana,Cameroon,4.66,2.23,77.66,11.73
icr038289,Topsoil,Kutaber,Ethiopia,6.98,2.08,79.15,1.38
icr038306,Subsoil,Kutaber,Ethiopia,6.96,0.53,58.47,18.57
icr041680,Subsoil,Marafa,Kenya,6.6,0.5,65.89,24.22
icr041720,Subsoil,Marafa,Kenya,8.5,0.42,66.21,18.05
icr041760,Subsoil,Marafa,Kenya,7.91,0.39,73.94,16.14
icr041898,Topsoil,Marafa,Kenya,7.7,0.56,68.75,21.08
icr042836,Topsoil,Fria,Guinea,4.99,4.69,65.92,13.72
icr042837,Subsoil,Fria,Guinea,5.32,3.89,73.21,7.18
icr042896,Topsoil,Fria,Guinea,4.74,2.81,72.58,7.43
icr043212,Subsoil,Boumeoul,Guinea,5.21,1.05,87.61,1.59
icr043325,Subsoil,Boumeoul,Guinea,5.43,0.43,43.12,12.87
icr043390,Topsoil,Boumeoul,Guinea,6.96,6.41,46.89,19.03
icr043401,Topsoil,Boumeoul,Guinea,5.04,2.51,60.93,9.13
icr048520,Topsoil,Madadeni,SAfrica,7.52,0.81,57.99,30.53
icr048521,Subsoil,Madadeni,SAfrica,5.84,1,76.92,10.23
icr048602,Topsoil,Madadeni,SAfrica,5.01,0.98,22.95,51.63
icr048603,Subsoil,Madadeni,SAfrica,5.1,0.31,21.31,57.35
icr048642,Topsoil,Madadeni,SAfrica,5.72,4.36,67.13,9.86
icr048820,Topsoil,Hopetown,SAfrica,8.53,0.63,66.99,21.66
icr048886,Topsoil,Hopetown,SAfrica,7.58,0.23,33.25,50.47
icr048961,Topsoil,Hopetown,SAfrica,8.47,0.5,31.18,49.43
icr049069,Subsoil,Prieska,SAfrica,8.14,0.19,41.56,46.25
icr049074,Topsoil,Prieska,SAfrica,7.27,0.22,31.12,54.77
icr049178,Subsoil,Chiculecule,Mozambique,8.31,0.37,27.56,64.01
icr049258,Subsoil,Chiculecule,Mozambique,6.38,0.13,6.12,86.12
icr049338,Subsoil,Chiculecule,Mozambique,5.7,0.34,33.18,60.35
icr049397,Topsoil,Chiculecule,Mozambique,6.01,0.15,9.87,83.84
icr049418,Subsoil,Chiculecule,Mozambique,5.25,0.17,20.45,75.01
icr049457,Topsoil,Chiculecule,Mozambique,6.93,0.71,26.34,59.74
icr049655,Topsoil,Ihassunge,Mozambique,4.76,5.91,50.86,29.48
icr049715,Topsoil,Ihassunge,Mozambique,6.75,0.59,18.67,66.67
icr049736,Subsoil,Ihassunge,Mozambique,5.68,1.46,71.61,8.24
icr049895,Subsoil,Massuque,Mozambique,5.22,0.21,15.32,77.66
icr049914,Topsoil,Massuque,Mozambique,5.64,0.41,7.41,85.74
icr049934,Topsoil,Massuque,Mozambique,5.36,0.35,5.4,88.87
icr049975,Subsoil,Massuque,Mozambique,5.41,0.2,8.76,86.64
icr049995,Subsoil,Massuque,Mozambique,5.19,0.09,10.62,85.32
icr050174,Topsoil,Martinho,Mozambique,6.09,2.28,42.02,25.06
icr050255,Subsoil,Martinho,Mozambique,6.14,0.36,38.76,47.71
icr050275,Subsoil,Martinho,Mozambique,5.65,0.34,39.25,49.26
icr050414,Topsoil,Martinho,Mozambique,6.26,0.6,24.16,60.51
icr050434,Topsoil,Martinho,Mozambique,5.83,0.96,43.17,33.47
icr050435,Subsoil,Martinho,Mozambique,5.88,0.92,48.87,32.94
icr054183,Topsoil,Namasuba,Uganda,5.14,1.66,57.9,24.35
icr054221,Subsoil,Namasuba,Uganda,5.22,1.32,33.64,35.35
icr054314,Subsoil,Namasuba,Uganda,5.76,1.32,62.29,19.2
icr054483,Subsoil,Hoima,Uganda,6.01,2.25,73.46,10.84
icr054585,Topsoil,Hoima,Uganda,6.69,2.94,73.27,7.94
icr054586,Subsoil,Hoima,Uganda,6.19,2.29,85.56,5.92
icr055723,Topsoil,Chilende,Zambia,5.35,0.73,48.27,26.05
icr055763,Subsoil,Chilende,Zambia,4.82,0.34,29.23,43.45
icr055803,Subsoil,Chilende,Zambia,4.96,0.27,55.71,26.63
icr055883,Subsoil,Fisenge,Zambia,4.84,0.47,59.67,30.69
icr056182,Subsoil,Fisenge,Zambia,5.79,0.83,65.99,23.21
icr056380,Topsoil,Monga,Zambia,6.09,1.05,13.72,40.17
icr056440,Topsoil,Monga,Zambia,6.61,0.65,19.58,33.16
icr056461,Subsoil,Monga,Zambia,7.71,2.6,25.11,27.72
icr062135,Subsoil,Didy,Madagascar,4.77,1.32,78,4.32
icr062256,Subsoil,Didy,Madagascar,4.12,4.94,NA,100
icr062294,Topsoil,Didy,Madagascar,4.46,3.65,75.61,4.92
icr062434,Subsoil,Didy,Madagascar,4.32,2.15,97.36,NA
icr068400,Subsoil,Nyalagari,Niger,4.38,0.31,47.47,42.92
icr068439,Topsoil,Pampaida,Nigeria,5.86,0.57,18.72,58.1
icr068440,Subsoil,Pampaida,Nigeria,6.15,0.34,32.25,45.58
icr068521,Topsoil,Pampaida,Nigeria,5.76,0.42,16.31,56.67
icr068559,Topsoil,Pampaida,Nigeria,5.22,0.4,14.95,62.62
icr068560,Subsoil,Pampaida,Nigeria,5.15,0.27,16.89,60.03
icr069910,Subsoil,Tambabougou,Mali,5.91,0.15,11.44,83.06
icr069970,Subsoil,Tambabougou,Mali,6.57,0.12,12.84,82.58
icr069990,Subsoil,Tambabougou,Mali,5.97,0.13,6.82,88.32
icr070089,Topsoil,Tambabougou,Mali,6.65,0.19,11.55,82.66
icr070143,Subsoil,Kutigi,Nigeria,5.64,0.26,28.31,52.05
icr070193,Topsoil,Kutigi,Nigeria,5.56,0.38,26.51,62.7
icr070202,Topsoil,Kutigi,Nigeria,5.85,0.47,22.56,53.15
icr070308,Topsoil,Kutigi,Nigeria,6.19,0.48,18.18,56.24
icr072486,Subsoil,Sanza Pompo,Angola,4.84,0.79,40.75,45.03
icr072545,Subsoil,Sanza Pompo,Angola,4.79,1.11,20.79,65.23
icr072636,Topsoil,Mucope,Angola,6.71,0.51,19.33,66.83
icr072657,Subsoil,Mucope,Angola,6.18,0.3,25.7,63.64
icr073008,Topsoil,Bimbe,Angola,5.58,0.55,73.79,13.49
icr073362,Subsoil,Luimbale,Angola,5.69,0.98,70.53,9.07
icr073440,Subsoil,Luimbale,Angola,5.6,0.52,73.17,12.64
icr073520,Subsoil,Luimbale,Angola,5.6,0.55,70.41,8.78
icr073579,Subsoil,Luimbale,Angola,5.45,0.54,77.61,14.59
icr073687,Subsoil,Kenilworth,Zimbambwe,6.3,1.21,76.25,7.22
icr074031,Subsoil,Gambisa,Zimbambwe,8.33,0.71,64.94,9.54
icr074082,Topsoil,Gambisa,Zimbambwe,6.74,1.27,58.75,20.59
icr074123,Subsoil,Gambisa,Zimbambwe,5.6,0.76,70.92,5.02
icr074211,Topsoil,Gambisa,Zimbambwe,6.14,1.09,36.05,25.77
icr074248,Topsoil,Gambisa,Zimbambwe,6.09,1.04,41.3,19.14
icr074249,Subsoil,Gambisa,Zimbambwe,8.23,0.79,54.18,20.08
icr074319,Subsoil,Paje,Botswana,8.34,1.18,71.85,18.11
icr074414,Subsoil,Paje,Botswana,7.92,1.19,82.85,11.49
icr074791,Topsoil,Gumare,Botswana,6.64,0.24,12.29,78.74
icr075044,Subsoil,Shoshong,Botswana,5.98,0.25,15.78,77.48
icr075123,Topsoil,Shoshong,Botswana,5.28,0.24,30.39,58.62
icr075144,Subsoil,Shoshong,Botswana,8.89,0.47,46.86,43.11
icr075204,Subsoil,Shoshong,Botswana,8.25,0.56,75.2,12.22
icr075224,Topsoil,Shoshong,Botswana,6.7,0.7,28.26,52.18
icr075261,Subsoil,Shoshong,Botswana,5.24,0.16,14.4,77.69
icr075508,Topsoil,Chiqumbakwe,Zimbambwe,7.19,2.87,76.46,4.15
icr075567,Topsoil,Chiqumbakwe,Zimbambwe,6.13,0.57,30.21,50.73
icr075627,Subsoil,Chiqumbakwe,Zimbambwe,8.45,0.44,40.86,35.54
icr075716,Topsoil,Musungwa,Zambia,6.12,0.74,12.76,70.72
icr075737,Subsoil,Musungwa,Zambia,6.42,1.66,90.8,1.44
icr075777,Subsoil,Musungwa,Zambia,7.12,0.38,26.1,56.68
icr075857,Subsoil,Musungwa,Zambia,9.43,0.29,12.4,67.5
icr075977,Subsoil,Musungwa,Zambia,5.83,1.44,71.54,4
icr076385,Subsoil,Analavory,Madagascar,5.8,0.53,83.91,4.53