Variables,Description,Units
Clay,Clay content,% by volume
Sand,Sand content,% by volume
Silt,Silt content,% by volume
Estimated_Silt,Calculated (100-(Clay+Sand)),% by volume
Soil_Textural_Class,USDA soil-textural class,-
SOC,Organic Carbon content,% by weight
TC,Total Carbon content,% by weight
TN,Total Nitrogen content,% by weight
pH,Soil pH in water (soil: water ratio of 1:2 weight to volume basis),-
EC,Soil electrical conductivity,uS/cm
m3.Al,Exchangeable aluminium concentration by Mehlich 3 extraction,mg/kg
m3.P,Phosphorus concentration by Mehlich 3 extraction,mg/kg
m3.K,Potassium concentration by Mehlich 3 extraction,mg/kg
m3.Ca,Exchangeable calcium concentration by Mehlich 3 extraction,mg/kg
m3.Mg,Exchangeable Magnesium concentration by Mehlich 3 extraction,mg/kg
m3.Mn,Exchangeable Manganese concentration by Mehlich 3 extraction,mg/kg
m3.S,Sulphur concentration by Mehlich 3 extraction,mg/kg
m3.Cu,Copper concentration by Mehlich 3 extraction,mg/kg
m3.B,Boron concentration by Mehlich 3 extraction,mg/kg
m3.Zn,Zinc concentration by Mehlich 3 extraction,mg/kg
m3.Na,Exchangeable Sodium concentration by Mehlich 3 extraction,mg/kg
m3.Fe,Iron concentration by Mehlich 3 extraction,mg/kg
CEC,Cation Exchange Capacity,cmolc/kg
ExAc,Exchangeable Acidity,cmolc/kg
Estimated.Acid.Saturation,Acid Saturation estimated based on Exchangeable acid and CEC,%
PSI,Phosphorus Sorption Index,-
ExBas,"Exchangeable bases (sum of Mehlich-3 Ca, Mg, K, Na)",cmolc/kg
ExCa,Exchangeable Calcium,cmolc/kg
ExK,Exchangeable Potassium,cmolc/kg
ExMg,Exchangeable Magnesium,cmolc/kg
ExNa,Exchangeable Sodium,cmolc/kg
Al,"Aluminium total element concentration, pXRF",mg/kg
P,"Phosphorus total element concentration, pXRF",mg/kg
K,"Potassium total element concentration, pXRF",mg/kg
Ca,"Calcium total element concentration, pXRF",mg/kg
Ti,"Titanium total element concentration, pXRF",mg/kg
Cr,"Chromium total element concentration, pXRF",mg/kg
Mn,"Manganese total element concentration, pXRF",mg/kg
Fe,"Iron total element concentration, pXRF",mg/kg
Co,"Cobalt total element concentration, pXRF",mg/kg
Ni,"Nickel total element concentration, pXRF",mg/kg
Cu,"Copper total element concentration, pXRF",mg/kg
Zn,"Zinc total element concentration, pXRF",mg/kg
Cd,"Cadmium total element concentration, pXRF",mg/kg
S,"Sulfur total element concentration, pXRF",mg/kg
Cl,"Chlorine total element concentration, pXRF",mg/kg
Sc,"Scandium total element concentration, pXRF",mg/kg
V,"Vanadium total element concentration, pXRF",mg/kg
Na,"Sodium total element concentration, pXRF",mg/kg
Mg,"Magnesium total element concentration, pXRF",mg/kg