{"chunk_definitions":[{"row":15,"row_count":1,"visible":true,"expansion_state":0,"options":{"engine":"r","label":"install and load tidyverse"},"document_id":"F785E1E5","chunk_id":"c1d0pppf97skj","chunk_label":"install and load tidyverse"},{"row":20,"row_count":1,"visible":true,"expansion_state":0,"options":{"engine":"r","label":"load data"},"document_id":"F785E1E5","chunk_id":"c8ez4x2djnm3f","chunk_label":"load data"},{"row":31,"row_count":1,"visible":true,"expansion_state":0,"options":{"engine":"r","label":"Explore data"},"document_id":"F785E1E5","chunk_id":"cxedqxu15czns","chunk_label":"Explore data"},{"row":44,"row_count":1,"visible":true,"expansion_state":0,"options":{"engine":"r","label":"data cleaning"},"document_id":"F785E1E5","chunk_id":"ct4ijxxxrfisj","chunk_label":"data cleaning"},{"row":50,"row_count":1,"visible":true,"expansion_state":0,"options":{"engine":"r","label":"unnamed-chunk-10"},"document_id":"F785E1E5","chunk_id":"cpici889gagj9","chunk_label":"filter"},{"row":70,"row_count":1,"visible":true,"expansion_state":1,"options":{"engine":"r","label":"exploration"},"document_id":"F785E1E5","chunk_id":"cbbhdz0otjzxa","chunk_label":"ggplot"}],"doc_write_time":1683101335}