{"chunk_definitions":[{"row":39,"row_count":1,"visible":true,"expansion_state":0,"options":{"engine":"r","label":"unnamed-chunk-1"},"document_id":"F785E1E5","chunk_id":"cub6jhc5fr969","chunk_label":"unnamed-chunk-1"},{"row":66,"row_count":1,"visible":true,"expansion_state":0,"options":{"engine":"r","label":"unnamed-chunk-2"},"document_id":"F785E1E5","chunk_id":"caxykgxqth0p5","chunk_label":"unnamed-chunk-2"},{"row":79,"row_count":1,"visible":true,"expansion_state":0,"options":{"engine":"r","label":"install and load tidyverse"},"document_id":"F785E1E5","chunk_id":"ccf4hd6er6jmi","chunk_label":"install and load tidyverse"},{"row":87,"row_count":1,"visible":true,"expansion_state":0,"options":{"engine":"r","label":"load data"},"document_id":"F785E1E5","chunk_id":"cfpeaj2dm4e0o","chunk_label":"load data"},{"row":107,"row_count":1,"visible":true,"expansion_state":0,"options":{"engine":"r","label":"Explore data"},"document_id":"F785E1E5","chunk_id":"c5l2ab30qkpc0","chunk_label":"Explore data"},{"row":123,"row_count":1,"visible":true,"expansion_state":0,"options":{"engine":"r","label":"data cleaning"},"document_id":"F785E1E5","chunk_id":"cwbyo1kuvsne1","chunk_label":"data cleaning"},{"row":144,"row_count":1,"visible":true,"expansion_state":0,"options":{"engine":"r","label":"unnamed-chunk-4"},"document_id":"F785E1E5","chunk_id":"cmtdosrf2k0x4","chunk_label":"unnamed-chunk-3"},{"row":155,"row_count":1,"visible":true,"expansion_state":0,"options":{"engine":"r","label":"unnamed-chunk-5"},"document_id":"F785E1E5","chunk_id":"c1kvwainzmwyi","chunk_label":"unnamed-chunk-4"},{"row":162,"row_count":1,"visible":true,"expansion_state":0,"options":{"engine":"r","label":"unnamed-chunk-6"},"document_id":"F785E1E5","chunk_id":"cm75nvlz7wz5x","chunk_label":"unnamed-chunk-5"},{"row":169,"row_count":1,"visible":true,"expansion_state":0,"options":{"engine":"r","label":"filter"},"document_id":"F785E1E5","chunk_id":"cvth4ark28hb5","chunk_label":"filter"},{"row":189,"row_count":1,"visible":true,"expansion_state":0,"options":{"engine":"r","label":"ggplot"},"document_id":"F785E1E5","chunk_id":"clmemkfnjo8ks","chunk_label":"ggplot"},{"row":197,"row_count":1,"visible":true,"expansion_state":0,"options":{"engine":"r","label":"unnamed-chunk-7"},"document_id":"F785E1E5","chunk_id":"cj41jdd5mzex7","chunk_label":"unnamed-chunk-6"}],"doc_write_time":1683718688}